drug_a (generic),drug_b (generic),severity,mechanism,clinical_action,source_note,source_url
warfarin,aspirin,major,Combined anticoagulant or antiplatelet effects increase gastrointestinal and systemic bleeding risk.,Avoid routine co-prescribing; use gastroprotection and close bleeding monitoring only when benefit clearly outweighs risk.,BNF Interactions A-Z: anticoagulant/NSAID or antiplatelet interaction; Beers 2023 Table 2/5 anticoagulant-NSAID bleeding caution.,https://bnf.nice.org.uk/interactions/warfarin/
warfarin,clopidogrel,major,Combined anticoagulant or antiplatelet effects increase gastrointestinal and systemic bleeding risk.,Avoid routine co-prescribing; use gastroprotection and close bleeding monitoring only when benefit clearly outweighs risk.,BNF Interactions A-Z: anticoagulant/NSAID or antiplatelet interaction; Beers 2023 Table 2/5 anticoagulant-NSAID bleeding caution.,https://bnf.nice.org.uk/interactions/warfarin/
warfarin,ibuprofen,major,Combined anticoagulant or antiplatelet effects increase gastrointestinal and systemic bleeding risk.,Avoid routine co-prescribing; use gastroprotection and close bleeding monitoring only when benefit clearly outweighs risk.,BNF Interactions A-Z: anticoagulant/NSAID or antiplatelet interaction; Beers 2023 Table 2/5 anticoagulant-NSAID bleeding caution.,https://bnf.nice.org.uk/interactions/warfarin/
warfarin,diclofenac,major,Combined anticoagulant or antiplatelet effects increase gastrointestinal and systemic bleeding risk.,Avoid routine co-prescribing; use gastroprotection and close bleeding monitoring only when benefit clearly outweighs risk.,BNF Interactions A-Z: anticoagulant/NSAID or antiplatelet interaction; Beers 2023 Table 2/5 anticoagulant-NSAID bleeding caution.,https://bnf.nice.org.uk/interactions/warfarin/
warfarin,naproxen,major,Combined anticoagulant or antiplatelet effects increase gastrointestinal and systemic bleeding risk.,Avoid routine co-prescribing; use gastroprotection and close bleeding monitoring only when benefit clearly outweighs risk.,BNF Interactions A-Z: anticoagulant/NSAID or antiplatelet interaction; Beers 2023 Table 2/5 anticoagulant-NSAID bleeding caution.,https://bnf.nice.org.uk/interactions/warfarin/
acenocoumarol,aspirin,major,Combined anticoagulant or antiplatelet effects increase gastrointestinal and systemic bleeding risk.,Avoid routine co-prescribing; use gastroprotection and close bleeding monitoring only when benefit clearly outweighs risk.,BNF Interactions A-Z: anticoagulant/NSAID or antiplatelet interaction; Beers 2023 Table 2/5 anticoagulant-NSAID bleeding caution.,https://bnf.nice.org.uk/interactions/acenocoumarol/
acenocoumarol,clopidogrel,major,Combined anticoagulant or antiplatelet effects increase gastrointestinal and systemic bleeding risk.,Avoid routine co-prescribing; use gastroprotection and close bleeding monitoring only when benefit clearly outweighs risk.,BNF Interactions A-Z: anticoagulant/NSAID or antiplatelet interaction; Beers 2023 Table 2/5 anticoagulant-NSAID bleeding caution.,https://bnf.nice.org.uk/interactions/acenocoumarol/
acenocoumarol,ibuprofen,major,Combined anticoagulant or antiplatelet effects increase gastrointestinal and systemic bleeding risk.,Avoid routine co-prescribing; use gastroprotection and close bleeding monitoring only when benefit clearly outweighs risk.,BNF Interactions A-Z: anticoagulant/NSAID or antiplatelet interaction; Beers 2023 Table 2/5 anticoagulant-NSAID bleeding caution.,https://bnf.nice.org.uk/interactions/acenocoumarol/
acenocoumarol,diclofenac,major,Combined anticoagulant or antiplatelet effects increase gastrointestinal and systemic bleeding risk.,Avoid routine co-prescribing; use gastroprotection and close bleeding monitoring only when benefit clearly outweighs risk.,BNF Interactions A-Z: anticoagulant/NSAID or antiplatelet interaction; Beers 2023 Table 2/5 anticoagulant-NSAID bleeding caution.,https://bnf.nice.org.uk/interactions/acenocoumarol/
acenocoumarol,naproxen,major,Combined anticoagulant or antiplatelet effects increase gastrointestinal and systemic bleeding risk.,Avoid routine co-prescribing; use gastroprotection and close bleeding monitoring only when benefit clearly outweighs risk.,BNF Interactions A-Z: anticoagulant/NSAID or antiplatelet interaction; Beers 2023 Table 2/5 anticoagulant-NSAID bleeding caution.,https://bnf.nice.org.uk/interactions/acenocoumarol/
apixaban,aspirin,moderate,Combined anticoagulant or antiplatelet effects increase gastrointestinal and systemic bleeding risk.,Avoid routine co-prescribing; use gastroprotection and close bleeding monitoring only when benefit clearly outweighs risk.,BNF Interactions A-Z: anticoagulant/NSAID or antiplatelet interaction; Beers 2023 Table 2/5 anticoagulant-NSAID bleeding caution.,https://bnf.nice.org.uk/interactions/apixaban/
apixaban,clopidogrel,moderate,Combined anticoagulant or antiplatelet effects increase gastrointestinal and systemic bleeding risk.,Avoid routine co-prescribing; use gastroprotection and close bleeding monitoring only when benefit clearly outweighs risk.,BNF Interactions A-Z: anticoagulant/NSAID or antiplatelet interaction; Beers 2023 Table 2/5 anticoagulant-NSAID bleeding caution.,https://bnf.nice.org.uk/interactions/apixaban/
apixaban,ibuprofen,major,Combined anticoagulant or antiplatelet effects increase gastrointestinal and systemic bleeding risk.,Avoid routine co-prescribing; use gastroprotection and close bleeding monitoring only when benefit clearly outweighs risk.,BNF Interactions A-Z: anticoagulant/NSAID or antiplatelet interaction; Beers 2023 Table 2/5 anticoagulant-NSAID bleeding caution.,https://bnf.nice.org.uk/interactions/apixaban/
apixaban,diclofenac,major,Combined anticoagulant or antiplatelet effects increase gastrointestinal and systemic bleeding risk.,Avoid routine co-prescribing; use gastroprotection and close bleeding monitoring only when benefit clearly outweighs risk.,BNF Interactions A-Z: anticoagulant/NSAID or antiplatelet interaction; Beers 2023 Table 2/5 anticoagulant-NSAID bleeding caution.,https://bnf.nice.org.uk/interactions/apixaban/
apixaban,naproxen,major,Combined anticoagulant or antiplatelet effects increase gastrointestinal and systemic bleeding risk.,Avoid routine co-prescribing; use gastroprotection and close bleeding monitoring only when benefit clearly outweighs risk.,BNF Interactions A-Z: anticoagulant/NSAID or antiplatelet interaction; Beers 2023 Table 2/5 anticoagulant-NSAID bleeding caution.,https://bnf.nice.org.uk/interactions/apixaban/
rivaroxaban,aspirin,moderate,Combined anticoagulant or antiplatelet effects increase gastrointestinal and systemic bleeding risk.,Avoid routine co-prescribing; use gastroprotection and close bleeding monitoring only when benefit clearly outweighs risk.,BNF Interactions A-Z: anticoagulant/NSAID or antiplatelet interaction; Beers 2023 Table 2/5 anticoagulant-NSAID bleeding caution.,https://bnf.nice.org.uk/interactions/rivaroxaban/
rivaroxaban,clopidogrel,moderate,Combined anticoagulant or antiplatelet effects increase gastrointestinal and systemic bleeding risk.,Avoid routine co-prescribing; use gastroprotection and close bleeding monitoring only when benefit clearly outweighs risk.,BNF Interactions A-Z: anticoagulant/NSAID or antiplatelet interaction; Beers 2023 Table 2/5 anticoagulant-NSAID bleeding caution.,https://bnf.nice.org.uk/interactions/rivaroxaban/
rivaroxaban,ibuprofen,major,Combined anticoagulant or antiplatelet effects increase gastrointestinal and systemic bleeding risk.,Avoid routine co-prescribing; use gastroprotection and close bleeding monitoring only when benefit clearly outweighs risk.,BNF Interactions A-Z: anticoagulant/NSAID or antiplatelet interaction; Beers 2023 Table 2/5 anticoagulant-NSAID bleeding caution.,https://bnf.nice.org.uk/interactions/rivaroxaban/
rivaroxaban,diclofenac,major,Combined anticoagulant or antiplatelet effects increase gastrointestinal and systemic bleeding risk.,Avoid routine co-prescribing; use gastroprotection and close bleeding monitoring only when benefit clearly outweighs risk.,BNF Interactions A-Z: anticoagulant/NSAID or antiplatelet interaction; Beers 2023 Table 2/5 anticoagulant-NSAID bleeding caution.,https://bnf.nice.org.uk/interactions/rivaroxaban/
rivaroxaban,naproxen,major,Combined anticoagulant or antiplatelet effects increase gastrointestinal and systemic bleeding risk.,Avoid routine co-prescribing; use gastroprotection and close bleeding monitoring only when benefit clearly outweighs risk.,BNF Interactions A-Z: anticoagulant/NSAID or antiplatelet interaction; Beers 2023 Table 2/5 anticoagulant-NSAID bleeding caution.,https://bnf.nice.org.uk/interactions/rivaroxaban/
dabigatran,aspirin,moderate,Combined anticoagulant or antiplatelet effects increase gastrointestinal and systemic bleeding risk.,Avoid routine co-prescribing; use gastroprotection and close bleeding monitoring only when benefit clearly outweighs risk.,BNF Interactions A-Z: anticoagulant/NSAID or antiplatelet interaction; Beers 2023 Table 2/5 anticoagulant-NSAID bleeding caution.,https://bnf.nice.org.uk/interactions/dabigatran/
dabigatran,clopidogrel,moderate,Combined anticoagulant or antiplatelet effects increase gastrointestinal and systemic bleeding risk.,Avoid routine co-prescribing; use gastroprotection and close bleeding monitoring only when benefit clearly outweighs risk.,BNF Interactions A-Z: anticoagulant/NSAID or antiplatelet interaction; Beers 2023 Table 2/5 anticoagulant-NSAID bleeding caution.,https://bnf.nice.org.uk/interactions/dabigatran/
dabigatran,ibuprofen,major,Combined anticoagulant or antiplatelet effects increase gastrointestinal and systemic bleeding risk.,Avoid routine co-prescribing; use gastroprotection and close bleeding monitoring only when benefit clearly outweighs risk.,BNF Interactions A-Z: anticoagulant/NSAID or antiplatelet interaction; Beers 2023 Table 2/5 anticoagulant-NSAID bleeding caution.,https://bnf.nice.org.uk/interactions/dabigatran/
dabigatran,diclofenac,major,Combined anticoagulant or antiplatelet effects increase gastrointestinal and systemic bleeding risk.,Avoid routine co-prescribing; use gastroprotection and close bleeding monitoring only when benefit clearly outweighs risk.,BNF Interactions A-Z: anticoagulant/NSAID or antiplatelet interaction; Beers 2023 Table 2/5 anticoagulant-NSAID bleeding caution.,https://bnf.nice.org.uk/interactions/dabigatran/
dabigatran,naproxen,major,Combined anticoagulant or antiplatelet effects increase gastrointestinal and systemic bleeding risk.,Avoid routine co-prescribing; use gastroprotection and close bleeding monitoring only when benefit clearly outweighs risk.,BNF Interactions A-Z: anticoagulant/NSAID or antiplatelet interaction; Beers 2023 Table 2/5 anticoagulant-NSAID bleeding caution.,https://bnf.nice.org.uk/interactions/dabigatran/
warfarin,clarithromycin,major,"The interacting drug may inhibit anticoagulant metabolism, alter vitamin K flora, or impair platelet function, raising bleeding risk.","Prefer an alternative; if unavoidable, check INR early and repeatedly and adjust anticoagulant dose.","BNF Interactions A-Z: warfarin interactions; Beers 2023 Table 5 warfarin with amiodarone, ciprofloxacin, macrolides, TMP-SMX, SSRIs.",https://bnf.nice.org.uk/interactions/warfarin/
warfarin,erythromycin,major,"The interacting drug may inhibit anticoagulant metabolism, alter vitamin K flora, or impair platelet function, raising bleeding risk.","Prefer an alternative; if unavoidable, check INR early and repeatedly and adjust anticoagulant dose.","BNF Interactions A-Z: warfarin interactions; Beers 2023 Table 5 warfarin with amiodarone, ciprofloxacin, macrolides, TMP-SMX, SSRIs.",https://bnf.nice.org.uk/interactions/warfarin/
warfarin,ciprofloxacin,major,"The interacting drug may inhibit anticoagulant metabolism, alter vitamin K flora, or impair platelet function, raising bleeding risk.","Prefer an alternative; if unavoidable, check INR early and repeatedly and adjust anticoagulant dose.","BNF Interactions A-Z: warfarin interactions; Beers 2023 Table 5 warfarin with amiodarone, ciprofloxacin, macrolides, TMP-SMX, SSRIs.",https://bnf.nice.org.uk/interactions/warfarin/
warfarin,levofloxacin,major,"The interacting drug may inhibit anticoagulant metabolism, alter vitamin K flora, or impair platelet function, raising bleeding risk.","Prefer an alternative; if unavoidable, check INR early and repeatedly and adjust anticoagulant dose.","BNF Interactions A-Z: warfarin interactions; Beers 2023 Table 5 warfarin with amiodarone, ciprofloxacin, macrolides, TMP-SMX, SSRIs.",https://bnf.nice.org.uk/interactions/warfarin/
warfarin,metronidazole,major,"The interacting drug may inhibit anticoagulant metabolism, alter vitamin K flora, or impair platelet function, raising bleeding risk.","Prefer an alternative; if unavoidable, check INR early and repeatedly and adjust anticoagulant dose.","BNF Interactions A-Z: warfarin interactions; Beers 2023 Table 5 warfarin with amiodarone, ciprofloxacin, macrolides, TMP-SMX, SSRIs.",https://bnf.nice.org.uk/interactions/warfarin/
warfarin,trimethoprim-sulfamethoxazole,major,"The interacting drug may inhibit anticoagulant metabolism, alter vitamin K flora, or impair platelet function, raising bleeding risk.","Prefer an alternative; if unavoidable, check INR early and repeatedly and adjust anticoagulant dose.","BNF Interactions A-Z: warfarin interactions; Beers 2023 Table 5 warfarin with amiodarone, ciprofloxacin, macrolides, TMP-SMX, SSRIs.",https://bnf.nice.org.uk/interactions/warfarin/
warfarin,fluconazole,major,"The interacting drug may inhibit anticoagulant metabolism, alter vitamin K flora, or impair platelet function, raising bleeding risk.","Prefer an alternative; if unavoidable, check INR early and repeatedly and adjust anticoagulant dose.","BNF Interactions A-Z: warfarin interactions; Beers 2023 Table 5 warfarin with amiodarone, ciprofloxacin, macrolides, TMP-SMX, SSRIs.",https://bnf.nice.org.uk/interactions/warfarin/
warfarin,amiodarone,major,"The interacting drug may inhibit anticoagulant metabolism, alter vitamin K flora, or impair platelet function, raising bleeding risk.","Prefer an alternative; if unavoidable, check INR early and repeatedly and adjust anticoagulant dose.","BNF Interactions A-Z: warfarin interactions; Beers 2023 Table 5 warfarin with amiodarone, ciprofloxacin, macrolides, TMP-SMX, SSRIs.",https://bnf.nice.org.uk/interactions/warfarin/
warfarin,sertraline,major,"The interacting drug may inhibit anticoagulant metabolism, alter vitamin K flora, or impair platelet function, raising bleeding risk.","Prefer an alternative; if unavoidable, check INR early and repeatedly and adjust anticoagulant dose.","BNF Interactions A-Z: warfarin interactions; Beers 2023 Table 5 warfarin with amiodarone, ciprofloxacin, macrolides, TMP-SMX, SSRIs.",https://bnf.nice.org.uk/interactions/warfarin/
warfarin,fluoxetine,major,"The interacting drug may inhibit anticoagulant metabolism, alter vitamin K flora, or impair platelet function, raising bleeding risk.","Prefer an alternative; if unavoidable, check INR early and repeatedly and adjust anticoagulant dose.","BNF Interactions A-Z: warfarin interactions; Beers 2023 Table 5 warfarin with amiodarone, ciprofloxacin, macrolides, TMP-SMX, SSRIs.",https://bnf.nice.org.uk/interactions/warfarin/
acenocoumarol,clarithromycin,major,"The interacting drug may inhibit anticoagulant metabolism, alter vitamin K flora, or impair platelet function, raising bleeding risk.","Prefer an alternative; if unavoidable, check INR early and repeatedly and adjust anticoagulant dose.","BNF Interactions A-Z: warfarin interactions; Beers 2023 Table 5 warfarin with amiodarone, ciprofloxacin, macrolides, TMP-SMX, SSRIs.",https://bnf.nice.org.uk/interactions/acenocoumarol/
acenocoumarol,erythromycin,major,"The interacting drug may inhibit anticoagulant metabolism, alter vitamin K flora, or impair platelet function, raising bleeding risk.","Prefer an alternative; if unavoidable, check INR early and repeatedly and adjust anticoagulant dose.","BNF Interactions A-Z: warfarin interactions; Beers 2023 Table 5 warfarin with amiodarone, ciprofloxacin, macrolides, TMP-SMX, SSRIs.",https://bnf.nice.org.uk/interactions/acenocoumarol/
acenocoumarol,ciprofloxacin,major,"The interacting drug may inhibit anticoagulant metabolism, alter vitamin K flora, or impair platelet function, raising bleeding risk.","Prefer an alternative; if unavoidable, check INR early and repeatedly and adjust anticoagulant dose.","BNF Interactions A-Z: warfarin interactions; Beers 2023 Table 5 warfarin with amiodarone, ciprofloxacin, macrolides, TMP-SMX, SSRIs.",https://bnf.nice.org.uk/interactions/acenocoumarol/
acenocoumarol,levofloxacin,major,"The interacting drug may inhibit anticoagulant metabolism, alter vitamin K flora, or impair platelet function, raising bleeding risk.","Prefer an alternative; if unavoidable, check INR early and repeatedly and adjust anticoagulant dose.","BNF Interactions A-Z: warfarin interactions; Beers 2023 Table 5 warfarin with amiodarone, ciprofloxacin, macrolides, TMP-SMX, SSRIs.",https://bnf.nice.org.uk/interactions/acenocoumarol/
acenocoumarol,metronidazole,major,"The interacting drug may inhibit anticoagulant metabolism, alter vitamin K flora, or impair platelet function, raising bleeding risk.","Prefer an alternative; if unavoidable, check INR early and repeatedly and adjust anticoagulant dose.","BNF Interactions A-Z: warfarin interactions; Beers 2023 Table 5 warfarin with amiodarone, ciprofloxacin, macrolides, TMP-SMX, SSRIs.",https://bnf.nice.org.uk/interactions/acenocoumarol/
acenocoumarol,trimethoprim-sulfamethoxazole,major,"The interacting drug may inhibit anticoagulant metabolism, alter vitamin K flora, or impair platelet function, raising bleeding risk.","Prefer an alternative; if unavoidable, check INR early and repeatedly and adjust anticoagulant dose.","BNF Interactions A-Z: warfarin interactions; Beers 2023 Table 5 warfarin with amiodarone, ciprofloxacin, macrolides, TMP-SMX, SSRIs.",https://bnf.nice.org.uk/interactions/acenocoumarol/
acenocoumarol,fluconazole,major,"The interacting drug may inhibit anticoagulant metabolism, alter vitamin K flora, or impair platelet function, raising bleeding risk.","Prefer an alternative; if unavoidable, check INR early and repeatedly and adjust anticoagulant dose.","BNF Interactions A-Z: warfarin interactions; Beers 2023 Table 5 warfarin with amiodarone, ciprofloxacin, macrolides, TMP-SMX, SSRIs.",https://bnf.nice.org.uk/interactions/acenocoumarol/
acenocoumarol,amiodarone,major,"The interacting drug may inhibit anticoagulant metabolism, alter vitamin K flora, or impair platelet function, raising bleeding risk.","Prefer an alternative; if unavoidable, check INR early and repeatedly and adjust anticoagulant dose.","BNF Interactions A-Z: warfarin interactions; Beers 2023 Table 5 warfarin with amiodarone, ciprofloxacin, macrolides, TMP-SMX, SSRIs.",https://bnf.nice.org.uk/interactions/acenocoumarol/
acenocoumarol,sertraline,major,"The interacting drug may inhibit anticoagulant metabolism, alter vitamin K flora, or impair platelet function, raising bleeding risk.","Prefer an alternative; if unavoidable, check INR early and repeatedly and adjust anticoagulant dose.","BNF Interactions A-Z: warfarin interactions; Beers 2023 Table 5 warfarin with amiodarone, ciprofloxacin, macrolides, TMP-SMX, SSRIs.",https://bnf.nice.org.uk/interactions/acenocoumarol/
acenocoumarol,fluoxetine,major,"The interacting drug may inhibit anticoagulant metabolism, alter vitamin K flora, or impair platelet function, raising bleeding risk.","Prefer an alternative; if unavoidable, check INR early and repeatedly and adjust anticoagulant dose.","BNF Interactions A-Z: warfarin interactions; Beers 2023 Table 5 warfarin with amiodarone, ciprofloxacin, macrolides, TMP-SMX, SSRIs.",https://bnf.nice.org.uk/interactions/acenocoumarol/
apixaban,clarithromycin,major,"Strong P-gp or CYP3A4 inhibition can increase anticoagulant exposure, while enzyme induction can reduce anticoagulant efficacy.",Avoid strong inhibitors or inducers where possible and choose an alternative anticoagulant or antimicrobial with specialist input.,BNF Interactions A-Z: direct oral anticoagulant interactions; Beers 2023 anticoagulant bleeding-risk principles.,https://bnf.nice.org.uk/interactions/apixaban/
apixaban,ketoconazole,major,"Strong P-gp or CYP3A4 inhibition can increase anticoagulant exposure, while enzyme induction can reduce anticoagulant efficacy.",Avoid strong inhibitors or inducers where possible and choose an alternative anticoagulant or antimicrobial with specialist input.,BNF Interactions A-Z: direct oral anticoagulant interactions; Beers 2023 anticoagulant bleeding-risk principles.,https://bnf.nice.org.uk/interactions/apixaban/
apixaban,itraconazole,major,"Strong P-gp or CYP3A4 inhibition can increase anticoagulant exposure, while enzyme induction can reduce anticoagulant efficacy.",Avoid strong inhibitors or inducers where possible and choose an alternative anticoagulant or antimicrobial with specialist input.,BNF Interactions A-Z: direct oral anticoagulant interactions; Beers 2023 anticoagulant bleeding-risk principles.,https://bnf.nice.org.uk/interactions/apixaban/
apixaban,voriconazole,major,"Strong P-gp or CYP3A4 inhibition can increase anticoagulant exposure, while enzyme induction can reduce anticoagulant efficacy.",Avoid strong inhibitors or inducers where possible and choose an alternative anticoagulant or antimicrobial with specialist input.,BNF Interactions A-Z: direct oral anticoagulant interactions; Beers 2023 anticoagulant bleeding-risk principles.,https://bnf.nice.org.uk/interactions/apixaban/
apixaban,ritonavir,major,"Strong P-gp or CYP3A4 inhibition can increase anticoagulant exposure, while enzyme induction can reduce anticoagulant efficacy.",Avoid strong inhibitors or inducers where possible and choose an alternative anticoagulant or antimicrobial with specialist input.,BNF Interactions A-Z: direct oral anticoagulant interactions; Beers 2023 anticoagulant bleeding-risk principles.,https://bnf.nice.org.uk/interactions/apixaban/
apixaban,carbamazepine,major,"Strong P-gp or CYP3A4 inhibition can increase anticoagulant exposure, while enzyme induction can reduce anticoagulant efficacy.",Avoid strong inhibitors or inducers where possible and choose an alternative anticoagulant or antimicrobial with specialist input.,BNF Interactions A-Z: direct oral anticoagulant interactions; Beers 2023 anticoagulant bleeding-risk principles.,https://bnf.nice.org.uk/interactions/apixaban/
apixaban,phenytoin,major,"Strong P-gp or CYP3A4 inhibition can increase anticoagulant exposure, while enzyme induction can reduce anticoagulant efficacy.",Avoid strong inhibitors or inducers where possible and choose an alternative anticoagulant or antimicrobial with specialist input.,BNF Interactions A-Z: direct oral anticoagulant interactions; Beers 2023 anticoagulant bleeding-risk principles.,https://bnf.nice.org.uk/interactions/apixaban/
apixaban,rifampicin,major,"Strong P-gp or CYP3A4 inhibition can increase anticoagulant exposure, while enzyme induction can reduce anticoagulant efficacy.",Avoid strong inhibitors or inducers where possible and choose an alternative anticoagulant or antimicrobial with specialist input.,BNF Interactions A-Z: direct oral anticoagulant interactions; Beers 2023 anticoagulant bleeding-risk principles.,https://bnf.nice.org.uk/interactions/apixaban/
rivaroxaban,clarithromycin,major,"Strong P-gp or CYP3A4 inhibition can increase anticoagulant exposure, while enzyme induction can reduce anticoagulant efficacy.",Avoid strong inhibitors or inducers where possible and choose an alternative anticoagulant or antimicrobial with specialist input.,BNF Interactions A-Z: direct oral anticoagulant interactions; Beers 2023 anticoagulant bleeding-risk principles.,https://bnf.nice.org.uk/interactions/rivaroxaban/
rivaroxaban,ketoconazole,major,"Strong P-gp or CYP3A4 inhibition can increase anticoagulant exposure, while enzyme induction can reduce anticoagulant efficacy.",Avoid strong inhibitors or inducers where possible and choose an alternative anticoagulant or antimicrobial with specialist input.,BNF Interactions A-Z: direct oral anticoagulant interactions; Beers 2023 anticoagulant bleeding-risk principles.,https://bnf.nice.org.uk/interactions/rivaroxaban/
rivaroxaban,itraconazole,major,"Strong P-gp or CYP3A4 inhibition can increase anticoagulant exposure, while enzyme induction can reduce anticoagulant efficacy.",Avoid strong inhibitors or inducers where possible and choose an alternative anticoagulant or antimicrobial with specialist input.,BNF Interactions A-Z: direct oral anticoagulant interactions; Beers 2023 anticoagulant bleeding-risk principles.,https://bnf.nice.org.uk/interactions/rivaroxaban/
rivaroxaban,voriconazole,major,"Strong P-gp or CYP3A4 inhibition can increase anticoagulant exposure, while enzyme induction can reduce anticoagulant efficacy.",Avoid strong inhibitors or inducers where possible and choose an alternative anticoagulant or antimicrobial with specialist input.,BNF Interactions A-Z: direct oral anticoagulant interactions; Beers 2023 anticoagulant bleeding-risk principles.,https://bnf.nice.org.uk/interactions/rivaroxaban/
rivaroxaban,ritonavir,major,"Strong P-gp or CYP3A4 inhibition can increase anticoagulant exposure, while enzyme induction can reduce anticoagulant efficacy.",Avoid strong inhibitors or inducers where possible and choose an alternative anticoagulant or antimicrobial with specialist input.,BNF Interactions A-Z: direct oral anticoagulant interactions; Beers 2023 anticoagulant bleeding-risk principles.,https://bnf.nice.org.uk/interactions/rivaroxaban/
rivaroxaban,carbamazepine,major,"Strong P-gp or CYP3A4 inhibition can increase anticoagulant exposure, while enzyme induction can reduce anticoagulant efficacy.",Avoid strong inhibitors or inducers where possible and choose an alternative anticoagulant or antimicrobial with specialist input.,BNF Interactions A-Z: direct oral anticoagulant interactions; Beers 2023 anticoagulant bleeding-risk principles.,https://bnf.nice.org.uk/interactions/rivaroxaban/
rivaroxaban,phenytoin,major,"Strong P-gp or CYP3A4 inhibition can increase anticoagulant exposure, while enzyme induction can reduce anticoagulant efficacy.",Avoid strong inhibitors or inducers where possible and choose an alternative anticoagulant or antimicrobial with specialist input.,BNF Interactions A-Z: direct oral anticoagulant interactions; Beers 2023 anticoagulant bleeding-risk principles.,https://bnf.nice.org.uk/interactions/rivaroxaban/
rivaroxaban,rifampicin,major,"Strong P-gp or CYP3A4 inhibition can increase anticoagulant exposure, while enzyme induction can reduce anticoagulant efficacy.",Avoid strong inhibitors or inducers where possible and choose an alternative anticoagulant or antimicrobial with specialist input.,BNF Interactions A-Z: direct oral anticoagulant interactions; Beers 2023 anticoagulant bleeding-risk principles.,https://bnf.nice.org.uk/interactions/rivaroxaban/
dabigatran,clarithromycin,major,"Strong P-gp or CYP3A4 inhibition can increase anticoagulant exposure, while enzyme induction can reduce anticoagulant efficacy.",Avoid strong inhibitors or inducers where possible and choose an alternative anticoagulant or antimicrobial with specialist input.,BNF Interactions A-Z: direct oral anticoagulant interactions; Beers 2023 anticoagulant bleeding-risk principles.,https://bnf.nice.org.uk/interactions/dabigatran/
dabigatran,ketoconazole,major,"Strong P-gp or CYP3A4 inhibition can increase anticoagulant exposure, while enzyme induction can reduce anticoagulant efficacy.",Avoid strong inhibitors or inducers where possible and choose an alternative anticoagulant or antimicrobial with specialist input.,BNF Interactions A-Z: direct oral anticoagulant interactions; Beers 2023 anticoagulant bleeding-risk principles.,https://bnf.nice.org.uk/interactions/dabigatran/
dabigatran,itraconazole,major,"Strong P-gp or CYP3A4 inhibition can increase anticoagulant exposure, while enzyme induction can reduce anticoagulant efficacy.",Avoid strong inhibitors or inducers where possible and choose an alternative anticoagulant or antimicrobial with specialist input.,BNF Interactions A-Z: direct oral anticoagulant interactions; Beers 2023 anticoagulant bleeding-risk principles.,https://bnf.nice.org.uk/interactions/dabigatran/
dabigatran,voriconazole,major,"Strong P-gp or CYP3A4 inhibition can increase anticoagulant exposure, while enzyme induction can reduce anticoagulant efficacy.",Avoid strong inhibitors or inducers where possible and choose an alternative anticoagulant or antimicrobial with specialist input.,BNF Interactions A-Z: direct oral anticoagulant interactions; Beers 2023 anticoagulant bleeding-risk principles.,https://bnf.nice.org.uk/interactions/dabigatran/
dabigatran,ritonavir,major,"Strong P-gp or CYP3A4 inhibition can increase anticoagulant exposure, while enzyme induction can reduce anticoagulant efficacy.",Avoid strong inhibitors or inducers where possible and choose an alternative anticoagulant or antimicrobial with specialist input.,BNF Interactions A-Z: direct oral anticoagulant interactions; Beers 2023 anticoagulant bleeding-risk principles.,https://bnf.nice.org.uk/interactions/dabigatran/
dabigatran,carbamazepine,major,"Strong P-gp or CYP3A4 inhibition can increase anticoagulant exposure, while enzyme induction can reduce anticoagulant efficacy.",Avoid strong inhibitors or inducers where possible and choose an alternative anticoagulant or antimicrobial with specialist input.,BNF Interactions A-Z: direct oral anticoagulant interactions; Beers 2023 anticoagulant bleeding-risk principles.,https://bnf.nice.org.uk/interactions/dabigatran/
dabigatran,phenytoin,major,"Strong P-gp or CYP3A4 inhibition can increase anticoagulant exposure, while enzyme induction can reduce anticoagulant efficacy.",Avoid strong inhibitors or inducers where possible and choose an alternative anticoagulant or antimicrobial with specialist input.,BNF Interactions A-Z: direct oral anticoagulant interactions; Beers 2023 anticoagulant bleeding-risk principles.,https://bnf.nice.org.uk/interactions/dabigatran/
dabigatran,rifampicin,major,"Strong P-gp or CYP3A4 inhibition can increase anticoagulant exposure, while enzyme induction can reduce anticoagulant efficacy.",Avoid strong inhibitors or inducers where possible and choose an alternative anticoagulant or antimicrobial with specialist input.,BNF Interactions A-Z: direct oral anticoagulant interactions; Beers 2023 anticoagulant bleeding-risk principles.,https://bnf.nice.org.uk/interactions/dabigatran/
enalapril,spironolactone,major,"Reduced aldosterone activity, potassium retention, renal prostaglandin inhibition, or trimethoprim-like potassium sparing can precipitate hyperkalemia or acute kidney injury.",Avoid high-risk combinations in CKD or elderly patients; check creatinine and potassium within days if co-prescribing is necessary.,BNF Interactions A-Z: RAS inhibitor interactions; Beers 2023 Table 5 RAS inhibitor/potassium-sparing diuretic hyperkalemia warning.,https://bnf.nice.org.uk/interactions/enalapril/
enalapril,amiloride,major,"Reduced aldosterone activity, potassium retention, renal prostaglandin inhibition, or trimethoprim-like potassium sparing can precipitate hyperkalemia or acute kidney injury.",Avoid high-risk combinations in CKD or elderly patients; check creatinine and potassium within days if co-prescribing is necessary.,BNF Interactions A-Z: RAS inhibitor interactions; Beers 2023 Table 5 RAS inhibitor/potassium-sparing diuretic hyperkalemia warning.,https://bnf.nice.org.uk/interactions/enalapril/
enalapril,triamterene,major,"Reduced aldosterone activity, potassium retention, renal prostaglandin inhibition, or trimethoprim-like potassium sparing can precipitate hyperkalemia or acute kidney injury.",Avoid high-risk combinations in CKD or elderly patients; check creatinine and potassium within days if co-prescribing is necessary.,BNF Interactions A-Z: RAS inhibitor interactions; Beers 2023 Table 5 RAS inhibitor/potassium-sparing diuretic hyperkalemia warning.,https://bnf.nice.org.uk/interactions/enalapril/
enalapril,potassium chloride,major,"Reduced aldosterone activity, potassium retention, renal prostaglandin inhibition, or trimethoprim-like potassium sparing can precipitate hyperkalemia or acute kidney injury.",Avoid high-risk combinations in CKD or elderly patients; check creatinine and potassium within days if co-prescribing is necessary.,BNF Interactions A-Z: ACEI/ARB interactions; Beers 2023 Table 4 TMP-SMX hyperkalemia caution with ACEI/ARB in renal impairment.,https://bnf.nice.org.uk/interactions/enalapril/
enalapril,trimethoprim-sulfamethoxazole,major,"Reduced aldosterone activity, potassium retention, renal prostaglandin inhibition, or trimethoprim-like potassium sparing can precipitate hyperkalemia or acute kidney injury.",Avoid high-risk combinations in CKD or elderly patients; check creatinine and potassium within days if co-prescribing is necessary.,BNF Interactions A-Z: ACEI/ARB interactions; Beers 2023 Table 4 TMP-SMX hyperkalemia caution with ACEI/ARB in renal impairment.,https://bnf.nice.org.uk/interactions/enalapril/
enalapril,ibuprofen,moderate,"Reduced aldosterone activity, potassium retention, renal prostaglandin inhibition, or trimethoprim-like potassium sparing can precipitate hyperkalemia or acute kidney injury.",Avoid high-risk combinations in CKD or elderly patients; check creatinine and potassium within days if co-prescribing is necessary.,BNF Interactions A-Z: ACEI/ARB interactions; Beers 2023 Table 4 TMP-SMX hyperkalemia caution with ACEI/ARB in renal impairment.,https://bnf.nice.org.uk/interactions/enalapril/
enalapril,diclofenac,moderate,"Reduced aldosterone activity, potassium retention, renal prostaglandin inhibition, or trimethoprim-like potassium sparing can precipitate hyperkalemia or acute kidney injury.",Avoid high-risk combinations in CKD or elderly patients; check creatinine and potassium within days if co-prescribing is necessary.,BNF Interactions A-Z: ACEI/ARB interactions; Beers 2023 Table 4 TMP-SMX hyperkalemia caution with ACEI/ARB in renal impairment.,https://bnf.nice.org.uk/interactions/enalapril/
enalapril,naproxen,moderate,"Reduced aldosterone activity, potassium retention, renal prostaglandin inhibition, or trimethoprim-like potassium sparing can precipitate hyperkalemia or acute kidney injury.",Avoid high-risk combinations in CKD or elderly patients; check creatinine and potassium within days if co-prescribing is necessary.,BNF Interactions A-Z: ACEI/ARB interactions; Beers 2023 Table 4 TMP-SMX hyperkalemia caution with ACEI/ARB in renal impairment.,https://bnf.nice.org.uk/interactions/enalapril/
ramipril,spironolactone,major,"Reduced aldosterone activity, potassium retention, renal prostaglandin inhibition, or trimethoprim-like potassium sparing can precipitate hyperkalemia or acute kidney injury.",Avoid high-risk combinations in CKD or elderly patients; check creatinine and potassium within days if co-prescribing is necessary.,BNF Interactions A-Z: RAS inhibitor interactions; Beers 2023 Table 5 RAS inhibitor/potassium-sparing diuretic hyperkalemia warning.,https://bnf.nice.org.uk/interactions/ramipril/
ramipril,amiloride,major,"Reduced aldosterone activity, potassium retention, renal prostaglandin inhibition, or trimethoprim-like potassium sparing can precipitate hyperkalemia or acute kidney injury.",Avoid high-risk combinations in CKD or elderly patients; check creatinine and potassium within days if co-prescribing is necessary.,BNF Interactions A-Z: RAS inhibitor interactions; Beers 2023 Table 5 RAS inhibitor/potassium-sparing diuretic hyperkalemia warning.,https://bnf.nice.org.uk/interactions/ramipril/
ramipril,triamterene,major,"Reduced aldosterone activity, potassium retention, renal prostaglandin inhibition, or trimethoprim-like potassium sparing can precipitate hyperkalemia or acute kidney injury.",Avoid high-risk combinations in CKD or elderly patients; check creatinine and potassium within days if co-prescribing is necessary.,BNF Interactions A-Z: RAS inhibitor interactions; Beers 2023 Table 5 RAS inhibitor/potassium-sparing diuretic hyperkalemia warning.,https://bnf.nice.org.uk/interactions/ramipril/
ramipril,potassium chloride,major,"Reduced aldosterone activity, potassium retention, renal prostaglandin inhibition, or trimethoprim-like potassium sparing can precipitate hyperkalemia or acute kidney injury.",Avoid high-risk combinations in CKD or elderly patients; check creatinine and potassium within days if co-prescribing is necessary.,BNF Interactions A-Z: ACEI/ARB interactions; Beers 2023 Table 4 TMP-SMX hyperkalemia caution with ACEI/ARB in renal impairment.,https://bnf.nice.org.uk/interactions/ramipril/
ramipril,trimethoprim-sulfamethoxazole,major,"Reduced aldosterone activity, potassium retention, renal prostaglandin inhibition, or trimethoprim-like potassium sparing can precipitate hyperkalemia or acute kidney injury.",Avoid high-risk combinations in CKD or elderly patients; check creatinine and potassium within days if co-prescribing is necessary.,BNF Interactions A-Z: ACEI/ARB interactions; Beers 2023 Table 4 TMP-SMX hyperkalemia caution with ACEI/ARB in renal impairment.,https://bnf.nice.org.uk/interactions/ramipril/
ramipril,ibuprofen,moderate,"Reduced aldosterone activity, potassium retention, renal prostaglandin inhibition, or trimethoprim-like potassium sparing can precipitate hyperkalemia or acute kidney injury.",Avoid high-risk combinations in CKD or elderly patients; check creatinine and potassium within days if co-prescribing is necessary.,BNF Interactions A-Z: ACEI/ARB interactions; Beers 2023 Table 4 TMP-SMX hyperkalemia caution with ACEI/ARB in renal impairment.,https://bnf.nice.org.uk/interactions/ramipril/
ramipril,diclofenac,moderate,"Reduced aldosterone activity, potassium retention, renal prostaglandin inhibition, or trimethoprim-like potassium sparing can precipitate hyperkalemia or acute kidney injury.",Avoid high-risk combinations in CKD or elderly patients; check creatinine and potassium within days if co-prescribing is necessary.,BNF Interactions A-Z: ACEI/ARB interactions; Beers 2023 Table 4 TMP-SMX hyperkalemia caution with ACEI/ARB in renal impairment.,https://bnf.nice.org.uk/interactions/ramipril/
ramipril,naproxen,moderate,"Reduced aldosterone activity, potassium retention, renal prostaglandin inhibition, or trimethoprim-like potassium sparing can precipitate hyperkalemia or acute kidney injury.",Avoid high-risk combinations in CKD or elderly patients; check creatinine and potassium within days if co-prescribing is necessary.,BNF Interactions A-Z: ACEI/ARB interactions; Beers 2023 Table 4 TMP-SMX hyperkalemia caution with ACEI/ARB in renal impairment.,https://bnf.nice.org.uk/interactions/ramipril/
losartan,spironolactone,major,"Reduced aldosterone activity, potassium retention, renal prostaglandin inhibition, or trimethoprim-like potassium sparing can precipitate hyperkalemia or acute kidney injury.",Avoid high-risk combinations in CKD or elderly patients; check creatinine and potassium within days if co-prescribing is necessary.,BNF Interactions A-Z: RAS inhibitor interactions; Beers 2023 Table 5 RAS inhibitor/potassium-sparing diuretic hyperkalemia warning.,https://bnf.nice.org.uk/interactions/losartan/
losartan,amiloride,major,"Reduced aldosterone activity, potassium retention, renal prostaglandin inhibition, or trimethoprim-like potassium sparing can precipitate hyperkalemia or acute kidney injury.",Avoid high-risk combinations in CKD or elderly patients; check creatinine and potassium within days if co-prescribing is necessary.,BNF Interactions A-Z: RAS inhibitor interactions; Beers 2023 Table 5 RAS inhibitor/potassium-sparing diuretic hyperkalemia warning.,https://bnf.nice.org.uk/interactions/losartan/
losartan,triamterene,major,"Reduced aldosterone activity, potassium retention, renal prostaglandin inhibition, or trimethoprim-like potassium sparing can precipitate hyperkalemia or acute kidney injury.",Avoid high-risk combinations in CKD or elderly patients; check creatinine and potassium within days if co-prescribing is necessary.,BNF Interactions A-Z: RAS inhibitor interactions; Beers 2023 Table 5 RAS inhibitor/potassium-sparing diuretic hyperkalemia warning.,https://bnf.nice.org.uk/interactions/losartan/
losartan,potassium chloride,major,"Reduced aldosterone activity, potassium retention, renal prostaglandin inhibition, or trimethoprim-like potassium sparing can precipitate hyperkalemia or acute kidney injury.",Avoid high-risk combinations in CKD or elderly patients; check creatinine and potassium within days if co-prescribing is necessary.,BNF Interactions A-Z: ACEI/ARB interactions; Beers 2023 Table 4 TMP-SMX hyperkalemia caution with ACEI/ARB in renal impairment.,https://bnf.nice.org.uk/interactions/losartan/
losartan,trimethoprim-sulfamethoxazole,major,"Reduced aldosterone activity, potassium retention, renal prostaglandin inhibition, or trimethoprim-like potassium sparing can precipitate hyperkalemia or acute kidney injury.",Avoid high-risk combinations in CKD or elderly patients; check creatinine and potassium within days if co-prescribing is necessary.,BNF Interactions A-Z: ACEI/ARB interactions; Beers 2023 Table 4 TMP-SMX hyperkalemia caution with ACEI/ARB in renal impairment.,https://bnf.nice.org.uk/interactions/losartan/
losartan,ibuprofen,moderate,"Reduced aldosterone activity, potassium retention, renal prostaglandin inhibition, or trimethoprim-like potassium sparing can precipitate hyperkalemia or acute kidney injury.",Avoid high-risk combinations in CKD or elderly patients; check creatinine and potassium within days if co-prescribing is necessary.,BNF Interactions A-Z: ACEI/ARB interactions; Beers 2023 Table 4 TMP-SMX hyperkalemia caution with ACEI/ARB in renal impairment.,https://bnf.nice.org.uk/interactions/losartan/
losartan,diclofenac,moderate,"Reduced aldosterone activity, potassium retention, renal prostaglandin inhibition, or trimethoprim-like potassium sparing can precipitate hyperkalemia or acute kidney injury.",Avoid high-risk combinations in CKD or elderly patients; check creatinine and potassium within days if co-prescribing is necessary.,BNF Interactions A-Z: ACEI/ARB interactions; Beers 2023 Table 4 TMP-SMX hyperkalemia caution with ACEI/ARB in renal impairment.,https://bnf.nice.org.uk/interactions/losartan/
losartan,naproxen,moderate,"Reduced aldosterone activity, potassium retention, renal prostaglandin inhibition, or trimethoprim-like potassium sparing can precipitate hyperkalemia or acute kidney injury.",Avoid high-risk combinations in CKD or elderly patients; check creatinine and potassium within days if co-prescribing is necessary.,BNF Interactions A-Z: ACEI/ARB interactions; Beers 2023 Table 4 TMP-SMX hyperkalemia caution with ACEI/ARB in renal impairment.,https://bnf.nice.org.uk/interactions/losartan/
telmisartan,spironolactone,major,"Reduced aldosterone activity, potassium retention, renal prostaglandin inhibition, or trimethoprim-like potassium sparing can precipitate hyperkalemia or acute kidney injury.",Avoid high-risk combinations in CKD or elderly patients; check creatinine and potassium within days if co-prescribing is necessary.,BNF Interactions A-Z: RAS inhibitor interactions; Beers 2023 Table 5 RAS inhibitor/potassium-sparing diuretic hyperkalemia warning.,https://bnf.nice.org.uk/interactions/telmisartan/
telmisartan,amiloride,major,"Reduced aldosterone activity, potassium retention, renal prostaglandin inhibition, or trimethoprim-like potassium sparing can precipitate hyperkalemia or acute kidney injury.",Avoid high-risk combinations in CKD or elderly patients; check creatinine and potassium within days if co-prescribing is necessary.,BNF Interactions A-Z: RAS inhibitor interactions; Beers 2023 Table 5 RAS inhibitor/potassium-sparing diuretic hyperkalemia warning.,https://bnf.nice.org.uk/interactions/telmisartan/
telmisartan,triamterene,major,"Reduced aldosterone activity, potassium retention, renal prostaglandin inhibition, or trimethoprim-like potassium sparing can precipitate hyperkalemia or acute kidney injury.",Avoid high-risk combinations in CKD or elderly patients; check creatinine and potassium within days if co-prescribing is necessary.,BNF Interactions A-Z: RAS inhibitor interactions; Beers 2023 Table 5 RAS inhibitor/potassium-sparing diuretic hyperkalemia warning.,https://bnf.nice.org.uk/interactions/telmisartan/
telmisartan,potassium chloride,major,"Reduced aldosterone activity, potassium retention, renal prostaglandin inhibition, or trimethoprim-like potassium sparing can precipitate hyperkalemia or acute kidney injury.",Avoid high-risk combinations in CKD or elderly patients; check creatinine and potassium within days if co-prescribing is necessary.,BNF Interactions A-Z: ACEI/ARB interactions; Beers 2023 Table 4 TMP-SMX hyperkalemia caution with ACEI/ARB in renal impairment.,https://bnf.nice.org.uk/interactions/telmisartan/
telmisartan,trimethoprim-sulfamethoxazole,major,"Reduced aldosterone activity, potassium retention, renal prostaglandin inhibition, or trimethoprim-like potassium sparing can precipitate hyperkalemia or acute kidney injury.",Avoid high-risk combinations in CKD or elderly patients; check creatinine and potassium within days if co-prescribing is necessary.,BNF Interactions A-Z: ACEI/ARB interactions; Beers 2023 Table 4 TMP-SMX hyperkalemia caution with ACEI/ARB in renal impairment.,https://bnf.nice.org.uk/interactions/telmisartan/
telmisartan,ibuprofen,moderate,"Reduced aldosterone activity, potassium retention, renal prostaglandin inhibition, or trimethoprim-like potassium sparing can precipitate hyperkalemia or acute kidney injury.",Avoid high-risk combinations in CKD or elderly patients; check creatinine and potassium within days if co-prescribing is necessary.,BNF Interactions A-Z: ACEI/ARB interactions; Beers 2023 Table 4 TMP-SMX hyperkalemia caution with ACEI/ARB in renal impairment.,https://bnf.nice.org.uk/interactions/telmisartan/
telmisartan,diclofenac,moderate,"Reduced aldosterone activity, potassium retention, renal prostaglandin inhibition, or trimethoprim-like potassium sparing can precipitate hyperkalemia or acute kidney injury.",Avoid high-risk combinations in CKD or elderly patients; check creatinine and potassium within days if co-prescribing is necessary.,BNF Interactions A-Z: ACEI/ARB interactions; Beers 2023 Table 4 TMP-SMX hyperkalemia caution with ACEI/ARB in renal impairment.,https://bnf.nice.org.uk/interactions/telmisartan/
telmisartan,naproxen,moderate,"Reduced aldosterone activity, potassium retention, renal prostaglandin inhibition, or trimethoprim-like potassium sparing can precipitate hyperkalemia or acute kidney injury.",Avoid high-risk combinations in CKD or elderly patients; check creatinine and potassium within days if co-prescribing is necessary.,BNF Interactions A-Z: ACEI/ARB interactions; Beers 2023 Table 4 TMP-SMX hyperkalemia caution with ACEI/ARB in renal impairment.,https://bnf.nice.org.uk/interactions/telmisartan/
lithium,enalapril,major,Reduced renal lithium clearance can rapidly increase lithium concentrations and neurotoxicity risk.,"Avoid where possible; if essential, check lithium level and renal function soon after starting, stopping, or changing dose.",BNF Interactions A-Z: lithium interactions; Beers 2023 Table 5 lithium with ACEIs/ARBs/ARNIs toxicity warning.,https://bnf.nice.org.uk/interactions/lithium/
lithium,ramipril,major,Reduced renal lithium clearance can rapidly increase lithium concentrations and neurotoxicity risk.,"Avoid where possible; if essential, check lithium level and renal function soon after starting, stopping, or changing dose.",BNF Interactions A-Z: lithium interactions; Beers 2023 Table 5 lithium with ACEIs/ARBs/ARNIs toxicity warning.,https://bnf.nice.org.uk/interactions/lithium/
lithium,losartan,major,Reduced renal lithium clearance can rapidly increase lithium concentrations and neurotoxicity risk.,"Avoid where possible; if essential, check lithium level and renal function soon after starting, stopping, or changing dose.",BNF Interactions A-Z: lithium interactions; Beers 2023 Table 5 lithium with ACEIs/ARBs/ARNIs toxicity warning.,https://bnf.nice.org.uk/interactions/lithium/
lithium,telmisartan,major,Reduced renal lithium clearance can rapidly increase lithium concentrations and neurotoxicity risk.,"Avoid where possible; if essential, check lithium level and renal function soon after starting, stopping, or changing dose.",BNF Interactions A-Z: lithium interactions; Beers 2023 Table 5 lithium with ACEIs/ARBs/ARNIs toxicity warning.,https://bnf.nice.org.uk/interactions/lithium/
lithium,hydrochlorothiazide,major,Reduced renal lithium clearance can rapidly increase lithium concentrations and neurotoxicity risk.,"Avoid where possible; if essential, check lithium level and renal function soon after starting, stopping, or changing dose.",BNF Interactions A-Z: lithium interactions; Beers 2023 Table 5 lithium with ACEIs/ARBs/ARNIs toxicity warning.,https://bnf.nice.org.uk/interactions/lithium/
lithium,furosemide,major,Reduced renal lithium clearance can rapidly increase lithium concentrations and neurotoxicity risk.,"Avoid where possible; if essential, check lithium level and renal function soon after starting, stopping, or changing dose.",BNF Interactions A-Z: lithium interactions; Beers 2023 Table 5 lithium with ACEIs/ARBs/ARNIs toxicity warning.,https://bnf.nice.org.uk/interactions/lithium/
lithium,ibuprofen,major,Reduced renal lithium clearance can rapidly increase lithium concentrations and neurotoxicity risk.,"Avoid where possible; if essential, check lithium level and renal function soon after starting, stopping, or changing dose.",BNF Interactions A-Z: lithium interactions; Beers 2023 Table 5 lithium with ACEIs/ARBs/ARNIs toxicity warning.,https://bnf.nice.org.uk/interactions/lithium/
lithium,diclofenac,major,Reduced renal lithium clearance can rapidly increase lithium concentrations and neurotoxicity risk.,"Avoid where possible; if essential, check lithium level and renal function soon after starting, stopping, or changing dose.",BNF Interactions A-Z: lithium interactions; Beers 2023 Table 5 lithium with ACEIs/ARBs/ARNIs toxicity warning.,https://bnf.nice.org.uk/interactions/lithium/
lithium,naproxen,major,Reduced renal lithium clearance can rapidly increase lithium concentrations and neurotoxicity risk.,"Avoid where possible; if essential, check lithium level and renal function soon after starting, stopping, or changing dose.",BNF Interactions A-Z: lithium interactions; Beers 2023 Table 5 lithium with ACEIs/ARBs/ARNIs toxicity warning.,https://bnf.nice.org.uk/interactions/lithium/
lithium,celecoxib,major,Reduced renal lithium clearance can rapidly increase lithium concentrations and neurotoxicity risk.,"Avoid where possible; if essential, check lithium level and renal function soon after starting, stopping, or changing dose.",BNF Interactions A-Z: lithium interactions; Beers 2023 Table 5 lithium with ACEIs/ARBs/ARNIs toxicity warning.,https://bnf.nice.org.uk/interactions/lithium/
simvastatin,clarithromycin,contraindicated,"CYP3A4, transporter inhibition, or fibrate co-toxicity increases statin exposure and risk of myopathy or rhabdomyolysis.",Avoid or temporarily stop the statin during interacting therapy; use a safer statin strategy and counsel about muscle symptoms.,BNF Interactions A-Z: statin interactions including simvastatin with macrolides/azoles and fibrates.,https://bnf.nice.org.uk/interactions/simvastatin/
simvastatin,erythromycin,contraindicated,"CYP3A4, transporter inhibition, or fibrate co-toxicity increases statin exposure and risk of myopathy or rhabdomyolysis.",Avoid or temporarily stop the statin during interacting therapy; use a safer statin strategy and counsel about muscle symptoms.,BNF Interactions A-Z: statin interactions including simvastatin with macrolides/azoles and fibrates.,https://bnf.nice.org.uk/interactions/simvastatin/
simvastatin,itraconazole,contraindicated,"CYP3A4, transporter inhibition, or fibrate co-toxicity increases statin exposure and risk of myopathy or rhabdomyolysis.",Avoid or temporarily stop the statin during interacting therapy; use a safer statin strategy and counsel about muscle symptoms.,BNF Interactions A-Z: statin interactions including simvastatin with macrolides/azoles and fibrates.,https://bnf.nice.org.uk/interactions/simvastatin/
simvastatin,ketoconazole,contraindicated,"CYP3A4, transporter inhibition, or fibrate co-toxicity increases statin exposure and risk of myopathy or rhabdomyolysis.",Avoid or temporarily stop the statin during interacting therapy; use a safer statin strategy and counsel about muscle symptoms.,BNF Interactions A-Z: statin interactions including simvastatin with macrolides/azoles and fibrates.,https://bnf.nice.org.uk/interactions/simvastatin/
simvastatin,fluconazole,major,"CYP3A4, transporter inhibition, or fibrate co-toxicity increases statin exposure and risk of myopathy or rhabdomyolysis.",Avoid or temporarily stop the statin during interacting therapy; use a safer statin strategy and counsel about muscle symptoms.,BNF Interactions A-Z: statin interactions including simvastatin with macrolides/azoles and fibrates.,https://bnf.nice.org.uk/interactions/simvastatin/
simvastatin,gemfibrozil,major,"CYP3A4, transporter inhibition, or fibrate co-toxicity increases statin exposure and risk of myopathy or rhabdomyolysis.",Avoid or temporarily stop the statin during interacting therapy; use a safer statin strategy and counsel about muscle symptoms.,BNF Interactions A-Z: statin interactions including simvastatin with macrolides/azoles and fibrates.,https://bnf.nice.org.uk/interactions/simvastatin/
simvastatin,cyclosporine,contraindicated,"CYP3A4, transporter inhibition, or fibrate co-toxicity increases statin exposure and risk of myopathy or rhabdomyolysis.",Avoid or temporarily stop the statin during interacting therapy; use a safer statin strategy and counsel about muscle symptoms.,BNF Interactions A-Z: statin interactions including simvastatin with macrolides/azoles and fibrates.,https://bnf.nice.org.uk/interactions/simvastatin/
simvastatin,ritonavir,contraindicated,"CYP3A4, transporter inhibition, or fibrate co-toxicity increases statin exposure and risk of myopathy or rhabdomyolysis.",Avoid or temporarily stop the statin during interacting therapy; use a safer statin strategy and counsel about muscle symptoms.,BNF Interactions A-Z: statin interactions including simvastatin with macrolides/azoles and fibrates.,https://bnf.nice.org.uk/interactions/simvastatin/
atorvastatin,clarithromycin,major,"CYP3A4, transporter inhibition, or fibrate co-toxicity increases statin exposure and risk of myopathy or rhabdomyolysis.",Avoid or temporarily stop the statin during interacting therapy; use a safer statin strategy and counsel about muscle symptoms.,BNF Interactions A-Z: statin interactions including simvastatin with macrolides/azoles and fibrates.,https://bnf.nice.org.uk/interactions/atorvastatin/
atorvastatin,erythromycin,major,"CYP3A4, transporter inhibition, or fibrate co-toxicity increases statin exposure and risk of myopathy or rhabdomyolysis.",Avoid or temporarily stop the statin during interacting therapy; use a safer statin strategy and counsel about muscle symptoms.,BNF Interactions A-Z: statin interactions including simvastatin with macrolides/azoles and fibrates.,https://bnf.nice.org.uk/interactions/atorvastatin/
atorvastatin,itraconazole,major,"CYP3A4, transporter inhibition, or fibrate co-toxicity increases statin exposure and risk of myopathy or rhabdomyolysis.",Avoid or temporarily stop the statin during interacting therapy; use a safer statin strategy and counsel about muscle symptoms.,BNF Interactions A-Z: statin interactions including simvastatin with macrolides/azoles and fibrates.,https://bnf.nice.org.uk/interactions/atorvastatin/
atorvastatin,ketoconazole,major,"CYP3A4, transporter inhibition, or fibrate co-toxicity increases statin exposure and risk of myopathy or rhabdomyolysis.",Avoid or temporarily stop the statin during interacting therapy; use a safer statin strategy and counsel about muscle symptoms.,BNF Interactions A-Z: statin interactions including simvastatin with macrolides/azoles and fibrates.,https://bnf.nice.org.uk/interactions/atorvastatin/
atorvastatin,fluconazole,major,"CYP3A4, transporter inhibition, or fibrate co-toxicity increases statin exposure and risk of myopathy or rhabdomyolysis.",Avoid or temporarily stop the statin during interacting therapy; use a safer statin strategy and counsel about muscle symptoms.,BNF Interactions A-Z: statin interactions including simvastatin with macrolides/azoles and fibrates.,https://bnf.nice.org.uk/interactions/atorvastatin/
atorvastatin,gemfibrozil,major,"CYP3A4, transporter inhibition, or fibrate co-toxicity increases statin exposure and risk of myopathy or rhabdomyolysis.",Avoid or temporarily stop the statin during interacting therapy; use a safer statin strategy and counsel about muscle symptoms.,BNF Interactions A-Z: statin interactions including simvastatin with macrolides/azoles and fibrates.,https://bnf.nice.org.uk/interactions/atorvastatin/
atorvastatin,cyclosporine,major,"CYP3A4, transporter inhibition, or fibrate co-toxicity increases statin exposure and risk of myopathy or rhabdomyolysis.",Avoid or temporarily stop the statin during interacting therapy; use a safer statin strategy and counsel about muscle symptoms.,BNF Interactions A-Z: statin interactions including simvastatin with macrolides/azoles and fibrates.,https://bnf.nice.org.uk/interactions/atorvastatin/
atorvastatin,ritonavir,major,"CYP3A4, transporter inhibition, or fibrate co-toxicity increases statin exposure and risk of myopathy or rhabdomyolysis.",Avoid or temporarily stop the statin during interacting therapy; use a safer statin strategy and counsel about muscle symptoms.,BNF Interactions A-Z: statin interactions including simvastatin with macrolides/azoles and fibrates.,https://bnf.nice.org.uk/interactions/atorvastatin/
rosuvastatin,clarithromycin,major,"CYP3A4, transporter inhibition, or fibrate co-toxicity increases statin exposure and risk of myopathy or rhabdomyolysis.",Avoid or temporarily stop the statin during interacting therapy; use a safer statin strategy and counsel about muscle symptoms.,BNF Interactions A-Z: statin interactions including simvastatin with macrolides/azoles and fibrates.,https://bnf.nice.org.uk/interactions/rosuvastatin/
rosuvastatin,erythromycin,major,"CYP3A4, transporter inhibition, or fibrate co-toxicity increases statin exposure and risk of myopathy or rhabdomyolysis.",Avoid or temporarily stop the statin during interacting therapy; use a safer statin strategy and counsel about muscle symptoms.,BNF Interactions A-Z: statin interactions including simvastatin with macrolides/azoles and fibrates.,https://bnf.nice.org.uk/interactions/rosuvastatin/
rosuvastatin,itraconazole,major,"CYP3A4, transporter inhibition, or fibrate co-toxicity increases statin exposure and risk of myopathy or rhabdomyolysis.",Avoid or temporarily stop the statin during interacting therapy; use a safer statin strategy and counsel about muscle symptoms.,BNF Interactions A-Z: statin interactions including simvastatin with macrolides/azoles and fibrates.,https://bnf.nice.org.uk/interactions/rosuvastatin/
rosuvastatin,ketoconazole,major,"CYP3A4, transporter inhibition, or fibrate co-toxicity increases statin exposure and risk of myopathy or rhabdomyolysis.",Avoid or temporarily stop the statin during interacting therapy; use a safer statin strategy and counsel about muscle symptoms.,BNF Interactions A-Z: statin interactions including simvastatin with macrolides/azoles and fibrates.,https://bnf.nice.org.uk/interactions/rosuvastatin/
rosuvastatin,fluconazole,major,"CYP3A4, transporter inhibition, or fibrate co-toxicity increases statin exposure and risk of myopathy or rhabdomyolysis.",Avoid or temporarily stop the statin during interacting therapy; use a safer statin strategy and counsel about muscle symptoms.,BNF Interactions A-Z: statin interactions including simvastatin with macrolides/azoles and fibrates.,https://bnf.nice.org.uk/interactions/rosuvastatin/
rosuvastatin,gemfibrozil,major,"CYP3A4, transporter inhibition, or fibrate co-toxicity increases statin exposure and risk of myopathy or rhabdomyolysis.",Avoid or temporarily stop the statin during interacting therapy; use a safer statin strategy and counsel about muscle symptoms.,BNF Interactions A-Z: statin interactions including simvastatin with macrolides/azoles and fibrates.,https://bnf.nice.org.uk/interactions/rosuvastatin/
rosuvastatin,cyclosporine,major,"CYP3A4, transporter inhibition, or fibrate co-toxicity increases statin exposure and risk of myopathy or rhabdomyolysis.",Avoid or temporarily stop the statin during interacting therapy; use a safer statin strategy and counsel about muscle symptoms.,BNF Interactions A-Z: statin interactions including simvastatin with macrolides/azoles and fibrates.,https://bnf.nice.org.uk/interactions/rosuvastatin/
rosuvastatin,ritonavir,major,"CYP3A4, transporter inhibition, or fibrate co-toxicity increases statin exposure and risk of myopathy or rhabdomyolysis.",Avoid or temporarily stop the statin during interacting therapy; use a safer statin strategy and counsel about muscle symptoms.,BNF Interactions A-Z: statin interactions including simvastatin with macrolides/azoles and fibrates.,https://bnf.nice.org.uk/interactions/rosuvastatin/
amiodarone,azithromycin,major,Additive QT prolongation and electrolyte-sensitive repolarization delay increase torsades de pointes risk.,"Avoid if possible; if unavoidable, correct electrolytes and obtain ECG monitoring in high-risk patients.",BNF Interactions A-Z: QT-prolonging drug interactions; Beers 2023 CNS/cardiac adverse-effect principles in older adults.,https://bnf.nice.org.uk/interactions/amiodarone/
amiodarone,clarithromycin,major,Additive QT prolongation and electrolyte-sensitive repolarization delay increase torsades de pointes risk.,"Avoid if possible; if unavoidable, correct electrolytes and obtain ECG monitoring in high-risk patients.",BNF Interactions A-Z: QT-prolonging drug interactions; Beers 2023 CNS/cardiac adverse-effect principles in older adults.,https://bnf.nice.org.uk/interactions/amiodarone/
amiodarone,erythromycin,major,Additive QT prolongation and electrolyte-sensitive repolarization delay increase torsades de pointes risk.,"Avoid if possible; if unavoidable, correct electrolytes and obtain ECG monitoring in high-risk patients.",BNF Interactions A-Z: QT-prolonging drug interactions; Beers 2023 CNS/cardiac adverse-effect principles in older adults.,https://bnf.nice.org.uk/interactions/amiodarone/
amiodarone,ciprofloxacin,major,Additive QT prolongation and electrolyte-sensitive repolarization delay increase torsades de pointes risk.,"Avoid if possible; if unavoidable, correct electrolytes and obtain ECG monitoring in high-risk patients.",BNF Interactions A-Z: QT-prolonging drug interactions; Beers 2023 CNS/cardiac adverse-effect principles in older adults.,https://bnf.nice.org.uk/interactions/amiodarone/
amiodarone,levofloxacin,major,Additive QT prolongation and electrolyte-sensitive repolarization delay increase torsades de pointes risk.,"Avoid if possible; if unavoidable, correct electrolytes and obtain ECG monitoring in high-risk patients.",BNF Interactions A-Z: QT-prolonging drug interactions; Beers 2023 CNS/cardiac adverse-effect principles in older adults.,https://bnf.nice.org.uk/interactions/amiodarone/
sotalol,azithromycin,major,Additive QT prolongation and electrolyte-sensitive repolarization delay increase torsades de pointes risk.,"Avoid if possible; if unavoidable, correct electrolytes and obtain ECG monitoring in high-risk patients.",BNF Interactions A-Z: QT-prolonging drug interactions; Beers 2023 CNS/cardiac adverse-effect principles in older adults.,https://bnf.nice.org.uk/interactions/sotalol/
sotalol,clarithromycin,major,Additive QT prolongation and electrolyte-sensitive repolarization delay increase torsades de pointes risk.,"Avoid if possible; if unavoidable, correct electrolytes and obtain ECG monitoring in high-risk patients.",BNF Interactions A-Z: QT-prolonging drug interactions; Beers 2023 CNS/cardiac adverse-effect principles in older adults.,https://bnf.nice.org.uk/interactions/sotalol/
sotalol,erythromycin,major,Additive QT prolongation and electrolyte-sensitive repolarization delay increase torsades de pointes risk.,"Avoid if possible; if unavoidable, correct electrolytes and obtain ECG monitoring in high-risk patients.",BNF Interactions A-Z: QT-prolonging drug interactions; Beers 2023 CNS/cardiac adverse-effect principles in older adults.,https://bnf.nice.org.uk/interactions/sotalol/
sotalol,ciprofloxacin,major,Additive QT prolongation and electrolyte-sensitive repolarization delay increase torsades de pointes risk.,"Avoid if possible; if unavoidable, correct electrolytes and obtain ECG monitoring in high-risk patients.",BNF Interactions A-Z: QT-prolonging drug interactions; Beers 2023 CNS/cardiac adverse-effect principles in older adults.,https://bnf.nice.org.uk/interactions/sotalol/
sotalol,levofloxacin,major,Additive QT prolongation and electrolyte-sensitive repolarization delay increase torsades de pointes risk.,"Avoid if possible; if unavoidable, correct electrolytes and obtain ECG monitoring in high-risk patients.",BNF Interactions A-Z: QT-prolonging drug interactions; Beers 2023 CNS/cardiac adverse-effect principles in older adults.,https://bnf.nice.org.uk/interactions/sotalol/
haloperidol,azithromycin,major,Additive QT prolongation and electrolyte-sensitive repolarization delay increase torsades de pointes risk.,"Avoid if possible; if unavoidable, correct electrolytes and obtain ECG monitoring in high-risk patients.",BNF Interactions A-Z: QT-prolonging drug interactions; Beers 2023 CNS/cardiac adverse-effect principles in older adults.,https://bnf.nice.org.uk/interactions/haloperidol/
haloperidol,clarithromycin,major,Additive QT prolongation and electrolyte-sensitive repolarization delay increase torsades de pointes risk.,"Avoid if possible; if unavoidable, correct electrolytes and obtain ECG monitoring in high-risk patients.",BNF Interactions A-Z: QT-prolonging drug interactions; Beers 2023 CNS/cardiac adverse-effect principles in older adults.,https://bnf.nice.org.uk/interactions/haloperidol/
haloperidol,erythromycin,major,Additive QT prolongation and electrolyte-sensitive repolarization delay increase torsades de pointes risk.,"Avoid if possible; if unavoidable, correct electrolytes and obtain ECG monitoring in high-risk patients.",BNF Interactions A-Z: QT-prolonging drug interactions; Beers 2023 CNS/cardiac adverse-effect principles in older adults.,https://bnf.nice.org.uk/interactions/haloperidol/
haloperidol,ciprofloxacin,major,Additive QT prolongation and electrolyte-sensitive repolarization delay increase torsades de pointes risk.,"Avoid if possible; if unavoidable, correct electrolytes and obtain ECG monitoring in high-risk patients.",BNF Interactions A-Z: QT-prolonging drug interactions; Beers 2023 CNS/cardiac adverse-effect principles in older adults.,https://bnf.nice.org.uk/interactions/haloperidol/
haloperidol,levofloxacin,major,Additive QT prolongation and electrolyte-sensitive repolarization delay increase torsades de pointes risk.,"Avoid if possible; if unavoidable, correct electrolytes and obtain ECG monitoring in high-risk patients.",BNF Interactions A-Z: QT-prolonging drug interactions; Beers 2023 CNS/cardiac adverse-effect principles in older adults.,https://bnf.nice.org.uk/interactions/haloperidol/
quetiapine,azithromycin,major,Additive QT prolongation and electrolyte-sensitive repolarization delay increase torsades de pointes risk.,"Avoid if possible; if unavoidable, correct electrolytes and obtain ECG monitoring in high-risk patients.",BNF Interactions A-Z: QT-prolonging drug interactions; Beers 2023 CNS/cardiac adverse-effect principles in older adults.,https://bnf.nice.org.uk/interactions/quetiapine/
quetiapine,clarithromycin,major,Additive QT prolongation and electrolyte-sensitive repolarization delay increase torsades de pointes risk.,"Avoid if possible; if unavoidable, correct electrolytes and obtain ECG monitoring in high-risk patients.",BNF Interactions A-Z: QT-prolonging drug interactions; Beers 2023 CNS/cardiac adverse-effect principles in older adults.,https://bnf.nice.org.uk/interactions/quetiapine/
quetiapine,erythromycin,major,Additive QT prolongation and electrolyte-sensitive repolarization delay increase torsades de pointes risk.,"Avoid if possible; if unavoidable, correct electrolytes and obtain ECG monitoring in high-risk patients.",BNF Interactions A-Z: QT-prolonging drug interactions; Beers 2023 CNS/cardiac adverse-effect principles in older adults.,https://bnf.nice.org.uk/interactions/quetiapine/
quetiapine,ciprofloxacin,major,Additive QT prolongation and electrolyte-sensitive repolarization delay increase torsades de pointes risk.,"Avoid if possible; if unavoidable, correct electrolytes and obtain ECG monitoring in high-risk patients.",BNF Interactions A-Z: QT-prolonging drug interactions; Beers 2023 CNS/cardiac adverse-effect principles in older adults.,https://bnf.nice.org.uk/interactions/quetiapine/
quetiapine,levofloxacin,major,Additive QT prolongation and electrolyte-sensitive repolarization delay increase torsades de pointes risk.,"Avoid if possible; if unavoidable, correct electrolytes and obtain ECG monitoring in high-risk patients.",BNF Interactions A-Z: QT-prolonging drug interactions; Beers 2023 CNS/cardiac adverse-effect principles in older adults.,https://bnf.nice.org.uk/interactions/quetiapine/
escitalopram,azithromycin,major,Additive QT prolongation and electrolyte-sensitive repolarization delay increase torsades de pointes risk.,"Avoid if possible; if unavoidable, correct electrolytes and obtain ECG monitoring in high-risk patients.",BNF Interactions A-Z: QT-prolonging drug interactions; Beers 2023 CNS/cardiac adverse-effect principles in older adults.,https://bnf.nice.org.uk/interactions/escitalopram/
escitalopram,clarithromycin,major,Additive QT prolongation and electrolyte-sensitive repolarization delay increase torsades de pointes risk.,"Avoid if possible; if unavoidable, correct electrolytes and obtain ECG monitoring in high-risk patients.",BNF Interactions A-Z: QT-prolonging drug interactions; Beers 2023 CNS/cardiac adverse-effect principles in older adults.,https://bnf.nice.org.uk/interactions/escitalopram/
escitalopram,erythromycin,major,Additive QT prolongation and electrolyte-sensitive repolarization delay increase torsades de pointes risk.,"Avoid if possible; if unavoidable, correct electrolytes and obtain ECG monitoring in high-risk patients.",BNF Interactions A-Z: QT-prolonging drug interactions; Beers 2023 CNS/cardiac adverse-effect principles in older adults.,https://bnf.nice.org.uk/interactions/escitalopram/
escitalopram,ciprofloxacin,major,Additive QT prolongation and electrolyte-sensitive repolarization delay increase torsades de pointes risk.,"Avoid if possible; if unavoidable, correct electrolytes and obtain ECG monitoring in high-risk patients.",BNF Interactions A-Z: QT-prolonging drug interactions; Beers 2023 CNS/cardiac adverse-effect principles in older adults.,https://bnf.nice.org.uk/interactions/escitalopram/
escitalopram,levofloxacin,major,Additive QT prolongation and electrolyte-sensitive repolarization delay increase torsades de pointes risk.,"Avoid if possible; if unavoidable, correct electrolytes and obtain ECG monitoring in high-risk patients.",BNF Interactions A-Z: QT-prolonging drug interactions; Beers 2023 CNS/cardiac adverse-effect principles in older adults.,https://bnf.nice.org.uk/interactions/escitalopram/
tramadol,diazepam,major,"Additive central nervous system depression can cause oversedation, falls, respiratory depression, coma, or death.","Avoid routine co-prescribing; use the lowest effective dose only with explicit indication, counselling, and monitoring.",BNF Interactions A-Z: opioid sedative interactions; Beers 2023 Table 5 opioid-benzodiazepine and opioid-gabapentinoid warnings.,https://bnf.nice.org.uk/interactions/tramadol/
tramadol,alprazolam,major,"Additive central nervous system depression can cause oversedation, falls, respiratory depression, coma, or death.","Avoid routine co-prescribing; use the lowest effective dose only with explicit indication, counselling, and monitoring.",BNF Interactions A-Z: opioid sedative interactions; Beers 2023 Table 5 opioid-benzodiazepine and opioid-gabapentinoid warnings.,https://bnf.nice.org.uk/interactions/tramadol/
tramadol,clonazepam,major,"Additive central nervous system depression can cause oversedation, falls, respiratory depression, coma, or death.","Avoid routine co-prescribing; use the lowest effective dose only with explicit indication, counselling, and monitoring.",BNF Interactions A-Z: opioid sedative interactions; Beers 2023 Table 5 opioid-benzodiazepine and opioid-gabapentinoid warnings.,https://bnf.nice.org.uk/interactions/tramadol/
tramadol,lorazepam,major,"Additive central nervous system depression can cause oversedation, falls, respiratory depression, coma, or death.","Avoid routine co-prescribing; use the lowest effective dose only with explicit indication, counselling, and monitoring.",BNF Interactions A-Z: opioid sedative interactions; Beers 2023 Table 5 opioid-benzodiazepine and opioid-gabapentinoid warnings.,https://bnf.nice.org.uk/interactions/tramadol/
tramadol,gabapentin,major,"Additive central nervous system depression can cause oversedation, falls, respiratory depression, coma, or death.","Avoid routine co-prescribing; use the lowest effective dose only with explicit indication, counselling, and monitoring.",BNF Interactions A-Z: opioid sedative interactions; Beers 2023 Table 5 opioid-benzodiazepine and opioid-gabapentinoid warnings.,https://bnf.nice.org.uk/interactions/tramadol/
tramadol,pregabalin,major,"Additive central nervous system depression can cause oversedation, falls, respiratory depression, coma, or death.","Avoid routine co-prescribing; use the lowest effective dose only with explicit indication, counselling, and monitoring.",BNF Interactions A-Z: opioid sedative interactions; Beers 2023 Table 5 opioid-benzodiazepine and opioid-gabapentinoid warnings.,https://bnf.nice.org.uk/interactions/tramadol/
codeine,diazepam,major,"Additive central nervous system depression can cause oversedation, falls, respiratory depression, coma, or death.","Avoid routine co-prescribing; use the lowest effective dose only with explicit indication, counselling, and monitoring.",BNF Interactions A-Z: opioid sedative interactions; Beers 2023 Table 5 opioid-benzodiazepine and opioid-gabapentinoid warnings.,https://bnf.nice.org.uk/interactions/codeine/
codeine,alprazolam,major,"Additive central nervous system depression can cause oversedation, falls, respiratory depression, coma, or death.","Avoid routine co-prescribing; use the lowest effective dose only with explicit indication, counselling, and monitoring.",BNF Interactions A-Z: opioid sedative interactions; Beers 2023 Table 5 opioid-benzodiazepine and opioid-gabapentinoid warnings.,https://bnf.nice.org.uk/interactions/codeine/
codeine,clonazepam,major,"Additive central nervous system depression can cause oversedation, falls, respiratory depression, coma, or death.","Avoid routine co-prescribing; use the lowest effective dose only with explicit indication, counselling, and monitoring.",BNF Interactions A-Z: opioid sedative interactions; Beers 2023 Table 5 opioid-benzodiazepine and opioid-gabapentinoid warnings.,https://bnf.nice.org.uk/interactions/codeine/
codeine,lorazepam,major,"Additive central nervous system depression can cause oversedation, falls, respiratory depression, coma, or death.","Avoid routine co-prescribing; use the lowest effective dose only with explicit indication, counselling, and monitoring.",BNF Interactions A-Z: opioid sedative interactions; Beers 2023 Table 5 opioid-benzodiazepine and opioid-gabapentinoid warnings.,https://bnf.nice.org.uk/interactions/codeine/
codeine,gabapentin,major,"Additive central nervous system depression can cause oversedation, falls, respiratory depression, coma, or death.","Avoid routine co-prescribing; use the lowest effective dose only with explicit indication, counselling, and monitoring.",BNF Interactions A-Z: opioid sedative interactions; Beers 2023 Table 5 opioid-benzodiazepine and opioid-gabapentinoid warnings.,https://bnf.nice.org.uk/interactions/codeine/
codeine,pregabalin,major,"Additive central nervous system depression can cause oversedation, falls, respiratory depression, coma, or death.","Avoid routine co-prescribing; use the lowest effective dose only with explicit indication, counselling, and monitoring.",BNF Interactions A-Z: opioid sedative interactions; Beers 2023 Table 5 opioid-benzodiazepine and opioid-gabapentinoid warnings.,https://bnf.nice.org.uk/interactions/codeine/
morphine,diazepam,major,"Additive central nervous system depression can cause oversedation, falls, respiratory depression, coma, or death.","Avoid routine co-prescribing; use the lowest effective dose only with explicit indication, counselling, and monitoring.",BNF Interactions A-Z: opioid sedative interactions; Beers 2023 Table 5 opioid-benzodiazepine and opioid-gabapentinoid warnings.,https://bnf.nice.org.uk/interactions/morphine/
morphine,alprazolam,major,"Additive central nervous system depression can cause oversedation, falls, respiratory depression, coma, or death.","Avoid routine co-prescribing; use the lowest effective dose only with explicit indication, counselling, and monitoring.",BNF Interactions A-Z: opioid sedative interactions; Beers 2023 Table 5 opioid-benzodiazepine and opioid-gabapentinoid warnings.,https://bnf.nice.org.uk/interactions/morphine/
morphine,clonazepam,major,"Additive central nervous system depression can cause oversedation, falls, respiratory depression, coma, or death.","Avoid routine co-prescribing; use the lowest effective dose only with explicit indication, counselling, and monitoring.",BNF Interactions A-Z: opioid sedative interactions; Beers 2023 Table 5 opioid-benzodiazepine and opioid-gabapentinoid warnings.,https://bnf.nice.org.uk/interactions/morphine/
morphine,lorazepam,major,"Additive central nervous system depression can cause oversedation, falls, respiratory depression, coma, or death.","Avoid routine co-prescribing; use the lowest effective dose only with explicit indication, counselling, and monitoring.",BNF Interactions A-Z: opioid sedative interactions; Beers 2023 Table 5 opioid-benzodiazepine and opioid-gabapentinoid warnings.,https://bnf.nice.org.uk/interactions/morphine/
morphine,gabapentin,major,"Additive central nervous system depression can cause oversedation, falls, respiratory depression, coma, or death.","Avoid routine co-prescribing; use the lowest effective dose only with explicit indication, counselling, and monitoring.",BNF Interactions A-Z: opioid sedative interactions; Beers 2023 Table 5 opioid-benzodiazepine and opioid-gabapentinoid warnings.,https://bnf.nice.org.uk/interactions/morphine/
morphine,pregabalin,major,"Additive central nervous system depression can cause oversedation, falls, respiratory depression, coma, or death.","Avoid routine co-prescribing; use the lowest effective dose only with explicit indication, counselling, and monitoring.",BNF Interactions A-Z: opioid sedative interactions; Beers 2023 Table 5 opioid-benzodiazepine and opioid-gabapentinoid warnings.,https://bnf.nice.org.uk/interactions/morphine/
oxycodone,diazepam,major,"Additive central nervous system depression can cause oversedation, falls, respiratory depression, coma, or death.","Avoid routine co-prescribing; use the lowest effective dose only with explicit indication, counselling, and monitoring.",BNF Interactions A-Z: opioid sedative interactions; Beers 2023 Table 5 opioid-benzodiazepine and opioid-gabapentinoid warnings.,https://bnf.nice.org.uk/interactions/oxycodone/
oxycodone,alprazolam,major,"Additive central nervous system depression can cause oversedation, falls, respiratory depression, coma, or death.","Avoid routine co-prescribing; use the lowest effective dose only with explicit indication, counselling, and monitoring.",BNF Interactions A-Z: opioid sedative interactions; Beers 2023 Table 5 opioid-benzodiazepine and opioid-gabapentinoid warnings.,https://bnf.nice.org.uk/interactions/oxycodone/
oxycodone,clonazepam,major,"Additive central nervous system depression can cause oversedation, falls, respiratory depression, coma, or death.","Avoid routine co-prescribing; use the lowest effective dose only with explicit indication, counselling, and monitoring.",BNF Interactions A-Z: opioid sedative interactions; Beers 2023 Table 5 opioid-benzodiazepine and opioid-gabapentinoid warnings.,https://bnf.nice.org.uk/interactions/oxycodone/
oxycodone,lorazepam,major,"Additive central nervous system depression can cause oversedation, falls, respiratory depression, coma, or death.","Avoid routine co-prescribing; use the lowest effective dose only with explicit indication, counselling, and monitoring.",BNF Interactions A-Z: opioid sedative interactions; Beers 2023 Table 5 opioid-benzodiazepine and opioid-gabapentinoid warnings.,https://bnf.nice.org.uk/interactions/oxycodone/
oxycodone,gabapentin,major,"Additive central nervous system depression can cause oversedation, falls, respiratory depression, coma, or death.","Avoid routine co-prescribing; use the lowest effective dose only with explicit indication, counselling, and monitoring.",BNF Interactions A-Z: opioid sedative interactions; Beers 2023 Table 5 opioid-benzodiazepine and opioid-gabapentinoid warnings.,https://bnf.nice.org.uk/interactions/oxycodone/
oxycodone,pregabalin,major,"Additive central nervous system depression can cause oversedation, falls, respiratory depression, coma, or death.","Avoid routine co-prescribing; use the lowest effective dose only with explicit indication, counselling, and monitoring.",BNF Interactions A-Z: opioid sedative interactions; Beers 2023 Table 5 opioid-benzodiazepine and opioid-gabapentinoid warnings.,https://bnf.nice.org.uk/interactions/oxycodone/
tramadol,sertraline,major,"Serotonergic activity is additive and can precipitate serotonin syndrome with autonomic instability, neuromuscular findings, and confusion.",Avoid the combination or use specialist-supervised washout and monitoring if no alternative exists.,BNF Interactions A-Z: serotonergic antidepressant interactions; Beers 2023 Table 5 CNS-active drug caution.,https://bnf.nice.org.uk/interactions/tramadol/
tramadol,fluoxetine,major,"Serotonergic activity is additive and can precipitate serotonin syndrome with autonomic instability, neuromuscular findings, and confusion.",Avoid the combination or use specialist-supervised washout and monitoring if no alternative exists.,BNF Interactions A-Z: serotonergic antidepressant interactions; Beers 2023 Table 5 CNS-active drug caution.,https://bnf.nice.org.uk/interactions/tramadol/
tramadol,escitalopram,major,"Serotonergic activity is additive and can precipitate serotonin syndrome with autonomic instability, neuromuscular findings, and confusion.",Avoid the combination or use specialist-supervised washout and monitoring if no alternative exists.,BNF Interactions A-Z: serotonergic antidepressant interactions; Beers 2023 Table 5 CNS-active drug caution.,https://bnf.nice.org.uk/interactions/tramadol/
tramadol,duloxetine,major,"Serotonergic activity is additive and can precipitate serotonin syndrome with autonomic instability, neuromuscular findings, and confusion.",Avoid the combination or use specialist-supervised washout and monitoring if no alternative exists.,BNF Interactions A-Z: serotonergic antidepressant interactions; Beers 2023 Table 5 CNS-active drug caution.,https://bnf.nice.org.uk/interactions/tramadol/
linezolid,sertraline,contraindicated,"Serotonergic activity is additive and can precipitate serotonin syndrome with autonomic instability, neuromuscular findings, and confusion.",Avoid the combination or use specialist-supervised washout and monitoring if no alternative exists.,BNF Interactions A-Z: serotonergic antidepressant interactions; Beers 2023 Table 5 CNS-active drug caution.,https://bnf.nice.org.uk/interactions/linezolid/
linezolid,fluoxetine,contraindicated,"Serotonergic activity is additive and can precipitate serotonin syndrome with autonomic instability, neuromuscular findings, and confusion.",Avoid the combination or use specialist-supervised washout and monitoring if no alternative exists.,BNF Interactions A-Z: serotonergic antidepressant interactions; Beers 2023 Table 5 CNS-active drug caution.,https://bnf.nice.org.uk/interactions/linezolid/
linezolid,escitalopram,contraindicated,"Serotonergic activity is additive and can precipitate serotonin syndrome with autonomic instability, neuromuscular findings, and confusion.",Avoid the combination or use specialist-supervised washout and monitoring if no alternative exists.,BNF Interactions A-Z: serotonergic antidepressant interactions; Beers 2023 Table 5 CNS-active drug caution.,https://bnf.nice.org.uk/interactions/linezolid/
linezolid,duloxetine,contraindicated,"Serotonergic activity is additive and can precipitate serotonin syndrome with autonomic instability, neuromuscular findings, and confusion.",Avoid the combination or use specialist-supervised washout and monitoring if no alternative exists.,BNF Interactions A-Z: serotonergic antidepressant interactions; Beers 2023 Table 5 CNS-active drug caution.,https://bnf.nice.org.uk/interactions/linezolid/
methylene blue,sertraline,contraindicated,"Serotonergic activity is additive and can precipitate serotonin syndrome with autonomic instability, neuromuscular findings, and confusion.",Avoid the combination or use specialist-supervised washout and monitoring if no alternative exists.,BNF Interactions A-Z: serotonergic antidepressant interactions; Beers 2023 Table 5 CNS-active drug caution.,https://bnf.nice.org.uk/interactions/methylene-blue/
methylene blue,fluoxetine,contraindicated,"Serotonergic activity is additive and can precipitate serotonin syndrome with autonomic instability, neuromuscular findings, and confusion.",Avoid the combination or use specialist-supervised washout and monitoring if no alternative exists.,BNF Interactions A-Z: serotonergic antidepressant interactions; Beers 2023 Table 5 CNS-active drug caution.,https://bnf.nice.org.uk/interactions/methylene-blue/
methylene blue,escitalopram,contraindicated,"Serotonergic activity is additive and can precipitate serotonin syndrome with autonomic instability, neuromuscular findings, and confusion.",Avoid the combination or use specialist-supervised washout and monitoring if no alternative exists.,BNF Interactions A-Z: serotonergic antidepressant interactions; Beers 2023 Table 5 CNS-active drug caution.,https://bnf.nice.org.uk/interactions/methylene-blue/
methylene blue,duloxetine,contraindicated,"Serotonergic activity is additive and can precipitate serotonin syndrome with autonomic instability, neuromuscular findings, and confusion.",Avoid the combination or use specialist-supervised washout and monitoring if no alternative exists.,BNF Interactions A-Z: serotonergic antidepressant interactions; Beers 2023 Table 5 CNS-active drug caution.,https://bnf.nice.org.uk/interactions/methylene-blue/
selegiline,sertraline,contraindicated,"Serotonergic activity is additive and can precipitate serotonin syndrome with autonomic instability, neuromuscular findings, and confusion.",Avoid the combination or use specialist-supervised washout and monitoring if no alternative exists.,BNF Interactions A-Z: serotonergic antidepressant interactions; Beers 2023 Table 5 CNS-active drug caution.,https://bnf.nice.org.uk/interactions/selegiline/
selegiline,fluoxetine,contraindicated,"Serotonergic activity is additive and can precipitate serotonin syndrome with autonomic instability, neuromuscular findings, and confusion.",Avoid the combination or use specialist-supervised washout and monitoring if no alternative exists.,BNF Interactions A-Z: serotonergic antidepressant interactions; Beers 2023 Table 5 CNS-active drug caution.,https://bnf.nice.org.uk/interactions/selegiline/
selegiline,escitalopram,contraindicated,"Serotonergic activity is additive and can precipitate serotonin syndrome with autonomic instability, neuromuscular findings, and confusion.",Avoid the combination or use specialist-supervised washout and monitoring if no alternative exists.,BNF Interactions A-Z: serotonergic antidepressant interactions; Beers 2023 Table 5 CNS-active drug caution.,https://bnf.nice.org.uk/interactions/selegiline/
selegiline,duloxetine,contraindicated,"Serotonergic activity is additive and can precipitate serotonin syndrome with autonomic instability, neuromuscular findings, and confusion.",Avoid the combination or use specialist-supervised washout and monitoring if no alternative exists.,BNF Interactions A-Z: serotonergic antidepressant interactions; Beers 2023 Table 5 CNS-active drug caution.,https://bnf.nice.org.uk/interactions/selegiline/
